date,type,amount,transaction,category,sub_category,team,event,invoice_number,transport
1/23/22,Expense,36,Epping - Parking,Travel & Meals: Travel,Other Travel,Airborne Images,Epping,220007,
2/4/22,Expense,128,Leaseville,Other Expenses,Office Equipment,"TSP, LLC",,,
3/8/22,Income,1400,Fatheadz Pay,Gross Receipts,Photography Services,Tom Stout Photography,,,
3/8/22,Income,1400,Fatheadz Pay,Gross Receipts,Photography Services,Tom Stout Photography,,,
5/19/22,Income,2073.98,Fatheadz Pay,Gross Receipts,Photography Services,Tom Stout Photography,,,
6/6/22,Expense,450.18,Epping,Travel & Meals: Travel,Car Rental,Airborne Images,Epping,220007,Rental Car
7/7/22,Expense,146,Denver,Travel & Meals: Travel,Hotels,Airborne Images,Denver,220016,
7/11/22,Expense,219,Sonoma ,Travel & Meals: Travel,Hotels,Airborne Images,Sonoma,220012,
7/21/22,Expense,424.91,San Francisco,Travel & Meals: Travel,Car Rental,Airborne Images,Sonoma,220012,Rental Car
7/27/22,Income,469.94,Fatheadz Pay,Gross Receipts,Photography Services,Tom Stout Photography,,,
1/1/23,Expense,29,Udemy Training Subscription,Other Expenses,Education,"TSP, LLC",,Monthly,
1/1/23,Expense,29.99,Adobe CC,Other Expenses,Software,"TSP, LLC",,Monthly,
1/1/23,Expense,9.99,Apple iCloud,Other Expenses,Software,"TSP, LLC",,Monthly,
1/1/23,Expense,13.36,Microsoft 365,Other Expenses,Software,"TSP, LLC",,Monthly,
1/1/23,Expense,17,Heroku,Other Expenses,Web Hosting,"TSP, LLC",,Monthly,
1/1/23,Expense,74.4,Cell Phone,Utilities,Cellular Service,"TSP, LLC",,,
1/1/23,Expense,109.99,FirstNet,Utilities,Cellular Service,"TSP, LLC",,,
1/1/23,Expense,99.38,iPad,Other Expenses,Office Equipment,"TSP, LLC",,,
1/12/23,Expense,13.38,Office 365,Other Expenses,Software,"TSP, LLC",,Monthly,
1/14/23,Expense,15.36,Website - Heroku,Other Expenses,Web Hosting,"TSP, LLC",,Monthly,
1/16/23,Expense,13.36,Paddle.net,Other Expenses,Software,"TSP, LLC",,Monthly,
1/20/23,Expense,9.99,Apple iCloud,Other Expenses,Software,"TSP, LLC",,Monthly,
2/1/23,Expense,29,Udemy Training Subscription,Other Expenses,Education,"TSP, LLC",,Monthly,
2/1/23,Expense,29.99,Adobe CC,Other Expenses,Software,"TSP, LLC",,Monthly,
2/1/23,Expense,9.99,Apple iCloud,Other Expenses,Software,"TSP, LLC",,Monthly,
2/1/23,Expense,13.36,Microsoft 365,Other Expenses,Software,"TSP, LLC",,Monthly,
2/1/23,Expense,17,Heroku,Other Expenses,Web Hosting,"TSP, LLC",,Monthly,
2/1/23,Expense,74.4,Cell Phone,Utilities,Cellular Service,"TSP, LLC",,,
2/1/23,Expense,109.99,FirstNet,Utilities,Cellular Service,"TSP, LLC",,,
2/1/23,Expense,99.38,iPad,Other Expenses,Office Equipment,"TSP, LLC",,,
2/1/23,Expense,128,Leaseville,Other Expenses,Office Equipment,"TSP, LLC",,,
2/1/23,Expense,82.08,Samsung Monitor - Affirm,Other Expenses,Office Equipment,"TSP, LLC",,,
2/14/23,Expense,13.38,Office 365,Other Expenses,Software,"TSP, LLC",,Monthly,
2/14/23,Expense,15.36,Website - Heroku,Other Expenses,Web Hosting,"TSP, LLC",,Monthly,
2/16/23,Expense,13.36,Paddle.net,Other Expenses,Software,"TSP, LLC",,Monthly,
2/20/23,Expense,9.99,Apple iCloud,Other Expenses,Software,"TSP, LLC",,Monthly,
3/1/23,Expense,29,Udemy Training Subscription,Other Expenses,Education,"TSP, LLC",,Monthly,
3/1/23,Expense,29.99,Adobe CC,Other Expenses,Software,"TSP, LLC",,Monthly,
3/1/23,Expense,9.99,Apple iCloud,Other Expenses,Software,"TSP, LLC",,Monthly,
3/1/23,Expense,13.36,Microsoft 365,Other Expenses,Software,"TSP, LLC",,Monthly,
3/1/23,Expense,17,Heroku,Other Expenses,Web Hosting,"TSP, LLC",,Monthly,
3/1/23,Expense,176.84,The Hartford,Insurance,Business Insurance,"TSP, LLC",,,
3/1/23,Expense,74.4,Cell Phone,Utilities,Cellular Service,"TSP, LLC",,,
3/1/23,Expense,109.99,FirstNet,Utilities,Cellular Service,"TSP, LLC",,,
3/1/23,Expense,99.38,iPad,Other Expenses,Office Equipment,"TSP, LLC",,,
3/1/23,Expense,128,Leaseville,Other Expenses,Office Equipment,"TSP, LLC",,,
3/1/23,Expense,82.08,Samsung Monitor - Affirm,Other Expenses,Office Equipment,"TSP, LLC",,,
3/8/23,Income,575.92,Gainsville - Fatheadz,Gross Receipts,Drone Services,Airborne Images,Gainesville,230011,
3/10/23,Expense,284.56,Gainsville,Travel & Meals: Travel,Hotels,Airborne Images,Gainesville,230011,
3/14/23,Expense,13.38,Office 365,Other Expenses,Software,"TSP, LLC",,Monthly,
3/14/23,Expense,15.36,Website - Heroku,Other Expenses,Web Hosting,"TSP, LLC",,Monthly,
3/16/23,Expense,13.36,Paddle.net,Other Expenses,Software,"TSP, LLC",,Monthly,
3/20/23,Expense,9.99,Apple iCloud,Other Expenses,Software,"TSP, LLC",,Monthly,
3/29/23,Expense,49,Coursera,Other Expenses,Education,"TSP, LLC",,Monthly,
3/31/23,Expense,191.25,Pomona I,Travel & Meals: Travel,Car Rental,Airborne Images,Pomona I,230013,Rental Car
4/1/23,Expense,29,Udemy Training Subscription,Other Expenses,Education,"TSP, LLC",,Monthly,
4/1/23,Expense,29.99,Adobe CC,Other Expenses,Software,"TSP, LLC",,Monthly,
4/1/23,Expense,9.99,Apple iCloud,Other Expenses,Software,"TSP, LLC",,Monthly,
4/1/23,Expense,13.36,Microsoft 365,Other Expenses,Software,"TSP, LLC",,Monthly,
4/1/23,Expense,17,Heroku,Other Expenses,Web Hosting,"TSP, LLC",,Monthly,
4/1/23,Expense,176.84,The Hartford,Insurance,Business Insurance,"TSP, LLC",,,
4/1/23,Expense,74.4,Cell Phone,Utilities,Cellular Service,"TSP, LLC",,,
4/1/23,Expense,109.99,FirstNet,Utilities,Cellular Service,"TSP, LLC",,,
4/1/23,Expense,99.38,iPad,Other Expenses,Office Equipment,"TSP, LLC",,,
4/1/23,Expense,128,Leaseville,Other Expenses,Office Equipment,"TSP, LLC",,,
4/1/23,Expense,82.08,Samsung Monitor - Affirm,Other Expenses,Office Equipment,"TSP, LLC",,,
4/3/23,Expense,36,Gainsville Parking,Travel & Meals: Travel,Other Travel,Airborne Images,Gainesville,230011,
4/14/23,Expense,13.38,Office 365,Other Expenses,Software,"TSP, LLC",,Monthly,
4/14/23,Expense,15.36,Website - Heroku,Other Expenses,Web Hosting,"TSP, LLC",,Monthly,
4/16/23,Expense,13.36,Paddle.net,Other Expenses,Software,"TSP, LLC",,Monthly,
4/20/23,Expense,250,Drone Purchase,Other Expenses,Drone Equipment,Airborne Images,Gainesville,230011,
4/20/23,Income,1500,Gainesville Invoice,Gross Receipts,Drone Services,Airborne Images,Gainesville,230011,
4/20/23,Expense,9.99,Apple iCloud,Other Expenses,Software,"TSP, LLC",,Monthly,
4/26/23,Expense,128,Leaseville,Other Expenses,Office Equipment,"TSP, LLC",,,
4/29/23,Expense,49,Coursera,Other Expenses,Education,"TSP, LLC",,Monthly,
5/1/23,Expense,29,Udemy Training Subscription,Other Expenses,Education,"TSP, LLC",,Monthly,
5/1/23,Expense,29.99,Adobe CC,Other Expenses,Software,"TSP, LLC",,Monthly,
5/1/23,Expense,9.99,Apple iCloud,Other Expenses,Software,"TSP, LLC",,Monthly,
5/1/23,Expense,13.36,Microsoft 365,Other Expenses,Software,"TSP, LLC",,Monthly,
5/1/23,Expense,17,Heroku,Other Expenses,Web Hosting,"TSP, LLC",,Monthly,
5/1/23,Expense,176.84,The Hartford,Insurance,Business Insurance,"TSP, LLC",,,
5/1/23,Expense,74.4,Cell Phone,Utilities,Cellular Service,"TSP, LLC",,,
5/1/23,Expense,109.99,FirstNet,Utilities,Cellular Service,"TSP, LLC",,,
5/1/23,Expense,99.38,iPad,Other Expenses,Office Equipment,"TSP, LLC",,,
5/1/23,Expense,128,Leaseville,Other Expenses,Office Equipment,"TSP, LLC",,,
5/1/23,Expense,82.08,Samsung Monitor - Affirm,Other Expenses,Office Equipment,"TSP, LLC",,,
5/14/23,Expense,13.38,Office 365,Other Expenses,Software,"TSP, LLC",,Monthly,
5/14/23,Expense,17,Website - Heroku,Other Expenses,Web Hosting,"TSP, LLC",,Monthly,
5/15/23,Expense,250,Drone Purchase,Other Expenses,Drone Equipment,Airborne Images,Phoenix,230012,
5/15/23,Income,1500,NHRA Invoice for Phoenix,Gross Receipts,Drone Services,Airborne Images,Phoenix,230012,
5/15/23,Income,1500,Pomona Invoice,Gross Receipts,Drone Services,Airborne Images,Pomona I,230013,
5/15/23,Expense,250,Drone Purchase,Other Expenses,Drone Equipment,Airborne Images,Pomona I,230013,
5/15/23,Expense,250,Drone Purchase,Other Expenses,Drone Equipment,Airborne Images,Vegas I,230014,
5/15/23,Income,1500,Vegas Invoice,Gross Receipts,Drone Services,Airborne Images,Vegas I,230014,
5/16/23,Expense,13.36,Paddle.net,Other Expenses,Software,"TSP, LLC",,Monthly,
5/20/23,Expense,9.99,Apple iCloud,Other Expenses,Software,"TSP, LLC",,Monthly,
5/26/23,Expense,128,Leaseville,Other Expenses,Office Equipment,"TSP, LLC",,,
5/29/23,Expense,49,Coursera,Other Expenses,Education,"TSP, LLC",,Monthly,
5/29/23,Expense,72.39,Amazon Order-DJI Controller,Other Expenses,Drone Equipment,Airborne Images,,,
5/30/23,Expense,156,Aviation Insurance,Insurance,Aviation Insurancve,"TSP, LLC",,,
5/30/23,Expense,144.86,The Hartford Insurance,Insurance,Business Insurance,"TSP, LLC",,,
6/1/23,Expense,29,Udemy Training Subscription,Other Expenses,Education,"TSP, LLC",,Monthly,
6/1/23,Expense,29.99,Adobe CC,Other Expenses,Software,"TSP, LLC",,Monthly,
6/1/23,Expense,9.99,Apple iCloud,Other Expenses,Software,"TSP, LLC",,Monthly,
6/1/23,Expense,13.36,Microsoft 365,Other Expenses,Software,"TSP, LLC",,Monthly,
6/1/23,Expense,17,Heroku,Other Expenses,Web Hosting,"TSP, LLC",,Monthly,
6/1/23,Expense,176.84,The Hartford,Insurance,Business Insurance,"TSP, LLC",,,
6/1/23,Expense,74.4,Cell Phone,Utilities,Cellular Service,"TSP, LLC",,,
6/1/23,Expense,109.99,FirstNet,Utilities,Cellular Service,"TSP, LLC",,,
6/1/23,Expense,99.38,iPad,Other Expenses,Office Equipment,"TSP, LLC",,,
6/1/23,Expense,128,Leaseville,Other Expenses,Office Equipment,"TSP, LLC",,,
6/1/23,Expense,82.08,Samsung Monitor - Affirm,Other Expenses,Office Equipment,"TSP, LLC",,,
6/14/23,Expense,13.38,Office 365,Other Expenses,Software,"TSP, LLC",,Monthly,
6/14/23,Expense,17,Website - Heroku,Other Expenses,Web Hosting,"TSP, LLC",,Monthly,
6/16/23,Expense,13.36,Paddle.net,Other Expenses,Software,"TSP, LLC",,Monthly,
6/18/23,Expense,187.82,Amazon order -Tent,Other Expenses,Drone Equipment,Airborne Images,,,
6/20/23,Expense,9.99,Apple iCloud,Other Expenses,Software,"TSP, LLC",,Monthly,
6/24/23,Expense,82.18,Samsung Monitor - Affirm,Other Expenses,Office Equipment,"TSP, LLC",,,
6/26/23,Expense,4.75,"Norwalk, Toll",Travel & Meals: Travel,Other Travel,Airborne Images,Norwalk,230015,
6/26/23,Expense,7.14,Denver Meal,Travel and Meals: Deductible Meals,Meals,Airborne Images,Denver,230016,
6/26/23,Expense,248,Aviation Insurance,Insurance,Aviation Insurancve,"TSP, LLC",,,
6/26/23,Expense,128,Leaseville,Other Expenses,Office Equipment,"TSP, LLC",,,
6/29/23,Expense,49,Coursera,Other Expenses,Education,"TSP, LLC",,Monthly,
6/30/23,Expense,127,Checked Bag,Travel & Meals: Travel,Airfare,Airborne Images,Denver,230016,
6/30/23,Expense,32,Denver,Travel and Meals: Deductible Meals,Meals,Airborne Images,Denver,230016,
6/30/23,Expense,295.26,The Hartford Insurance,Insurance,Business Insurance,"TSP, LLC",,,
7/1/23,Expense,29,Udemy Training Subscription,Other Expenses,Education,"TSP, LLC",,Monthly,
7/1/23,Expense,29.99,Adobe CC,Other Expenses,Software,"TSP, LLC",,Monthly,
7/1/23,Expense,9.99,Apple iCloud,Other Expenses,Software,"TSP, LLC",,Monthly,
7/1/23,Expense,13.36,Microsoft 365,Other Expenses,Software,"TSP, LLC",,Monthly,
7/1/23,Expense,17,Heroku,Other Expenses,Web Hosting,"TSP, LLC",,Monthly,
7/1/23,Expense,176.84,The Hartford,Insurance,Business Insurance,"TSP, LLC",,,
7/1/23,Expense,74.4,Cell Phone,Utilities,Cellular Service,"TSP, LLC",,,
7/1/23,Expense,109.99,FirstNet,Utilities,Cellular Service,"TSP, LLC",,,
7/1/23,Expense,99.38,iPad,Other Expenses,Office Equipment,"TSP, LLC",,,
7/1/23,Expense,128,Leaseville,Other Expenses,Office Equipment,"TSP, LLC",,,
7/1/23,Expense,82.08,Samsung Monitor - Affirm,Other Expenses,Office Equipment,"TSP, LLC",,,
7/7/23,Expense,35.36,DJI Mini 3 Pro Batteries,Other Expenses,Drone Equipment,Airborne Images,,,
7/13/23,Expense,32.16,GoDaddy Domain Renewal,Other Expenses,Web Hosting,"TSP, LLC",,Monthly,
7/14/23,Expense,13.38,Office 365,Other Expenses,Software,"TSP, LLC",,Monthly,
7/14/23,Expense,17,Website - Heroku,Other Expenses,Web Hosting,"TSP, LLC",,Monthly,
7/16/23,Expense,13.36,Paddle.net,Other Expenses,Software,"TSP, LLC",,Monthly,
7/20/23,Expense,9.99,Apple iCloud,Other Expenses,Software,"TSP, LLC",,Monthly,
7/24/23,Expense,82.18,Samsung Monitor - Affirm,Other Expenses,Office Equipment,"TSP, LLC",,,
7/26/23,Expense,132,Sonoma Car Rental,Travel & Meals: Travel,Car Rental,Airborne Images,Sonoma,230018,Rental Car
7/26/23,Expense,52.68,Sonoma Gas,Travel & Meals: Travel,Fuel,Airborne Images,Sonoma,230018,Rental Car
7/26/23,Expense,128,Leaseville,Other Expenses,Office Equipment,"TSP, LLC",,,
7/27/23,Expense,25.16,Sonoma Meals,Travel and Meals: Deductible Meals,Meals,Airborne Images,Sonoma,230018,
7/27/23,Expense,23.58,Sonoma Meals,Travel and Meals: Deductible Meals,Meals,Airborne Images,Sonoma,230018,
7/29/23,Expense,49,Coursera,Other Expenses,Education,"TSP, LLC",,Monthly,
7/30/23,Expense,48.02,Sonoma gas,Travel & Meals: Travel,Fuel,Airborne Images,Seattle,230017,Rental Car
7/30/23,Expense,156,Aviation Insurance,Insurance,Aviation Insurancve,"TSP, LLC",,,
7/30/23,Expense,144.86,The Hartford Insurance,Insurance,Business Insurance,"TSP, LLC",,,
8/1/23,Expense,29,Udemy Training Subscription,Other Expenses,Education,"TSP, LLC",,Monthly,
8/1/23,Expense,29.99,Adobe CC,Other Expenses,Software,"TSP, LLC",,Monthly,
8/1/23,Expense,9.99,Apple iCloud,Other Expenses,Software,"TSP, LLC",,Monthly,
8/1/23,Expense,13.36,Microsoft 365,Other Expenses,Software,"TSP, LLC",,Monthly,
8/1/23,Expense,17,Heroku,Other Expenses,Web Hosting,"TSP, LLC",,Monthly,
8/1/23,Expense,176.84,The Hartford,Insurance,Business Insurance,"TSP, LLC",,,
8/1/23,Expense,74.4,Cell Phone,Utilities,Cellular Service,"TSP, LLC",,,
8/1/23,Expense,109.99,FirstNet,Utilities,Cellular Service,"TSP, LLC",,,
8/1/23,Expense,99.38,iPad,Other Expenses,Office Equipment,"TSP, LLC",,,
8/1/23,Expense,128,Leaseville,Other Expenses,Office Equipment,"TSP, LLC",,,
8/1/23,Expense,82.08,Samsung Monitor - Affirm,Other Expenses,Office Equipment,"TSP, LLC",,,
8/14/23,Expense,13.38,Office 365,Other Expenses,Software,"TSP, LLC",,Monthly,
8/14/23,Expense,17,Website - Heroku,Other Expenses,Web Hosting,"TSP, LLC",,Monthly,
8/15/23,Expense,250,Drone Purchase,Other Expenses,Drone Equipment,Airborne Images,Norwalk,230015,
8/15/23,Income,1500,Norwalk Invoice,Gross Receipts,Drone Services,Airborne Images,Norwalk,230015,
8/16/23,Expense,13.36,Paddle.net,Other Expenses,Software,"TSP, LLC",,Monthly,
8/20/23,Expense,9.99,Apple iCloud,Other Expenses,Software,"TSP, LLC",,Monthly,
8/24/23,Expense,82.18,Samsung Monitor - Affirm,Other Expenses,Office Equipment,"TSP, LLC",,,
8/25/23,Expense,250,Drone Purchase,Other Expenses,Drone Equipment,Airborne Images,Denver,230016,
8/25/23,Income,1500,Denver Invoice,Gross Receipts,Drone Services,Airborne Images,Denver,230016,
8/26/23,Expense,128,Leaseville,Other Expenses,Office Equipment,"TSP, LLC",,,
8/29/23,Expense,49,Coursera,Other Expenses,Education,"TSP, LLC",,Monthly,
8/30/23,Expense,156,Aviation Insurance,Insurance,Aviation Insurancve,"TSP, LLC",,,
8/30/23,Expense,144.86,The Hartford Insurance,Insurance,Business Insurance,"TSP, LLC",,,
9/1/23,Expense,250,Drone Purchase,Other Expenses,Drone Equipment,Airborne Images,Seattle,230017,
9/1/23,Income,1500,Seattle Invoice,Gross Receipts,Drone Services,Airborne Images,Seattle,230017,
9/1/23,Expense,29,Udemy Training Subscription,Other Expenses,Education,"TSP, LLC",,Monthly,
9/1/23,Expense,29.99,Adobe CC,Other Expenses,Software,"TSP, LLC",,Monthly,
9/1/23,Expense,9.99,Apple iCloud,Other Expenses,Software,"TSP, LLC",,Monthly,
9/1/23,Expense,13.36,Microsoft 365,Other Expenses,Software,"TSP, LLC",,Monthly,
9/1/23,Expense,17,Heroku,Other Expenses,Web Hosting,"TSP, LLC",,Monthly,
9/1/23,Expense,176.84,The Hartford,Insurance,Business Insurance,"TSP, LLC",,,
9/1/23,Expense,74.4,Cell Phone,Utilities,Cellular Service,"TSP, LLC",,,
9/1/23,Expense,109.99,FirstNet,Utilities,Cellular Service,"TSP, LLC",,,
9/1/23,Expense,99.38,iPad,Other Expenses,Office Equipment,"TSP, LLC",,,
9/1/23,Expense,128,Leaseville,Other Expenses,Office Equipment,"TSP, LLC",,,
9/1/23,Expense,82.08,Samsung Monitor - Affirm,Other Expenses,Office Equipment,"TSP, LLC",,,
9/5/23,Expense,48.08,Sonoma Gas,Travel & Meals: Travel,Fuel,Airborne Images,Sonoma,230018,Rental Car
9/5/23,Expense,250,Drone Purchase,Other Expenses,Drone Equipment,Airborne Images,Sonoma,230018,
9/5/23,Income,1548.08,Sonoma Invoice,Gross Receipts,Drone Services,Airborne Images,Sonoma,230018,
9/13/23,Expense,30,Reading,Travel & Meals: Travel,Airfare,Airborne Images,Reading,230021,
9/14/23,Expense,13.38,Office 365,Other Expenses,Software,"TSP, LLC",,Monthly,
9/14/23,Expense,17,Website - Heroku,Other Expenses,Web Hosting,"TSP, LLC",,Monthly,
9/16/23,Expense,13.36,Paddle.net,Other Expenses,Software,"TSP, LLC",,Monthly,
9/20/23,Expense,9.99,Apple iCloud,Other Expenses,Software,"TSP, LLC",,Monthly,
9/24/23,Expense,124,Charlotte Gas,Travel & Meals: Travel,Fuel,Airborne Images,Reading,230021,Personal Vehicle
9/24/23,Expense,82.18,Samsung Monitor - Affirm,Other Expenses,Office Equipment,"TSP, LLC",,,
9/25/23,Expense,60.19,Brainerd Gas,Travel & Meals: Travel,Fuel,Airborne Images,Brainerd,230019,Rental Car
9/25/23,Expense,250,Drone Purchase,Other Expenses,Drone Equipment,Airborne Images,Brainerd,230019,
9/25/23,Income,1560.19,Brainerd Invoice,Gross Receipts,Drone Services,Airborne Images,Brainerd,230019,
9/26/23,Expense,128,Leaseville,Other Expenses,Office Equipment,"TSP, LLC",,,
9/29/23,Expense,49,Coursera,Other Expenses,Education,"TSP, LLC",,Monthly,
9/30/23,Expense,156,Aviation Insurance,Insurance,Aviation Insurancve,"TSP, LLC",,,
9/30/23,Expense,144.86,The Hartford Insurance,Insurance,Business Insurance,"TSP, LLC",,,
10/1/23,Expense,29,Udemy Training Subscription,Other Expenses,Education,"TSP, LLC",,Monthly,
10/1/23,Expense,29.99,Adobe CC,Other Expenses,Software,"TSP, LLC",,Monthly,
10/1/23,Expense,9.99,Apple iCloud,Other Expenses,Software,"TSP, LLC",,Monthly,
10/1/23,Expense,13.36,Microsoft 365,Other Expenses,Software,"TSP, LLC",,Monthly,
10/1/23,Expense,17,Heroku,Other Expenses,Web Hosting,"TSP, LLC",,Monthly,
10/1/23,Expense,176.84,The Hartford,Insurance,Business Insurance,"TSP, LLC",,,
10/1/23,Expense,74.4,Cell Phone,Utilities,Cellular Service,"TSP, LLC",,,
10/1/23,Expense,109.99,FirstNet,Utilities,Cellular Service,"TSP, LLC",,,
10/1/23,Expense,99.38,iPad,Other Expenses,Office Equipment,"TSP, LLC",,,
10/1/23,Expense,128,Leaseville,Other Expenses,Office Equipment,"TSP, LLC",,,
10/1/23,Expense,82.08,Samsung Monitor - Affirm,Other Expenses,Office Equipment,"TSP, LLC",,,
10/2/23,Expense,59.25,St Louis Gas,Travel & Meals: Travel,Fuel,Airborne Images,Reading,230021,Personal Vehicle
10/2/23,Expense,82.08,Samsung Monitor - Affirm,Other Expenses,Office Equipment,"TSP, LLC",,,
10/14/23,Expense,13.38,Office 365,Other Expenses,Software,"TSP, LLC",,Monthly,
10/14/23,Expense,17,Website - Heroku,Other Expenses,Web Hosting,"TSP, LLC",,Monthly,
10/15/23,Expense,250,Drone Purchase,Other Expenses,Drone Equipment,Airborne Images,Indy,230020,
10/15/23,Income,1500,Indy Invoice,Gross Receipts,Drone Services,Airborne Images,Indy,230020,
10/15/23,Expense,31.7,Dallas Gas,Travel & Meals: Travel,Fuel,Airborne Images,St Louis,230023,Rental Car
10/16/23,Expense,13.36,Paddle.net,Other Expenses,Software,"TSP, LLC",,Monthly,
10/18/23,Expense,60.19,Reading gas,Travel & Meals: Travel,Fuel,Airborne Images,Brainerd,230019,Rental Car
10/20/23,Expense,9.99,Apple iCloud,Other Expenses,Software,"TSP, LLC",,Monthly,
10/24/23,Expense,82.18,Samsung Monitor - Affirm,Other Expenses,Office Equipment,"TSP, LLC",,,
10/26/23,Expense,40.07,Vegas II Gas,Travel & Meals: Travel,Fuel,Airborne Images,Vegas II,230025,Rental Car
10/26/23,Expense,17.32,Vegas II Meals,Travel and Meals: Deductible Meals,Meals,Airborne Images,Vegas II,230025,
10/26/23,Expense,128,Leaseville,Other Expenses,Office Equipment,"TSP, LLC",,,
10/27/23,Expense,124,Charlotte II Gas,Travel & Meals: Travel,Fuel,Airborne Images,Charlotte II,230022,Rental Car
10/27/23,Expense,250,Drone Purchase,Other Expenses,Drone Equipment,Airborne Images,Charlotte II,230022,
10/27/23,Income,1624,Charlotte II Invoice,Gross Receipts,Drone Services,Airborne Images,Charlotte II,230022,
10/29/23,Expense,49,Coursera,Other Expenses,Education,"TSP, LLC",,Monthly,
10/30/23,Expense,250,Drone Purchase,Other Expenses,Drone Equipment,Airborne Images,Reading,230021,
10/30/23,Income,1500,Reading Invoice,Gross Receipts,Drone Services,Airborne Images,Reading,230021,
10/30/23,Expense,156,Aviation Insurance,Insurance,Aviation Insurancve,"TSP, LLC",,,
10/30/23,Expense,144.86,The Hartford Insurance,Insurance,Business Insurance,"TSP, LLC",,,
11/1/23,Expense,29,Udemy Training Subscription,Other Expenses,Education,"TSP, LLC",,Monthly,
11/1/23,Expense,29.99,Adobe CC,Other Expenses,Software,"TSP, LLC",,Monthly,
11/1/23,Expense,9.99,Apple iCloud,Other Expenses,Software,"TSP, LLC",,Monthly,
11/1/23,Expense,13.36,Microsoft 365,Other Expenses,Software,"TSP, LLC",,Monthly,
11/1/23,Expense,17,Heroku,Other Expenses,Web Hosting,"TSP, LLC",,Monthly,
11/1/23,Expense,176.84,The Hartford,Insurance,Business Insurance,"TSP, LLC",,,
11/1/23,Expense,74.4,Cell Phone,Utilities,Cellular Service,"TSP, LLC",,,
11/1/23,Expense,109.99,FirstNet,Utilities,Cellular Service,"TSP, LLC",,,
11/1/23,Expense,99.38,iPad,Other Expenses,Office Equipment,"TSP, LLC",,,
11/1/23,Expense,128,Leaseville,Other Expenses,Office Equipment,"TSP, LLC",,,
11/1/23,Expense,82.08,Samsung Monitor - Affirm,Other Expenses,Office Equipment,"TSP, LLC",,,
11/10/23,Expense,59.26,St Louis Gas,Travel & Meals: Travel,Fuel,Airborne Images,St Louis,230023,Personal Vehicle
11/10/23,Expense,250,Drone Purchase,Other Expenses,Drone Equipment,Airborne Images,St Louis,230023,
11/10/23,Income,1559.26,St Louis Invoice,Gross Receipts,Drone Services,Airborne Images,St Louis,230023,
11/12/23,Expense,48.06,Pomona II Gas,Travel & Meals: Travel,Fuel,Airborne Images,Pomona II,230026,Rental Car
11/14/23,Expense,13.38,Office 365,Other Expenses,Software,"TSP, LLC",,Monthly,
11/14/23,Expense,17,Website - Heroku,Other Expenses,Web Hosting,"TSP, LLC",,Monthly,
11/16/23,Expense,13.36,Paddle.net,Other Expenses,Software,"TSP, LLC",,Monthly,
11/20/23,Expense,31.7,Dallas Gas,Travel & Meals: Travel,Fuel,Airborne Images,Dallas,230024,Rental Car
11/20/23,Income,1531.7,Dallas Invoice,Gross Receipts,Drone Services,Airborne Images,Dallas,230024,
11/20/23,Expense,9.99,Apple iCloud,Other Expenses,Software,"TSP, LLC",,Monthly,
11/24/23,Expense,82.18,Samsung Monitor - Affirm,Other Expenses,Office Equipment,"TSP, LLC",,,
11/26/23,Expense,128,Leaseville,Other Expenses,Office Equipment,"TSP, LLC",,,
11/29/23,Expense,49,Coursera,Other Expenses,Education,"TSP, LLC",,Monthly,
11/30/23,Expense,156,Aviation Insurance,Insurance,Aviation Insurancve,"TSP, LLC",,,
11/30/23,Expense,144.86,The Hartford Insurance,Insurance,Business Insurance,"TSP, LLC",,,
12/1/23,Expense,31.7,Vegas II gas,Travel & Meals: Travel,Fuel,Airborne Images,St Louis,230023,Rental Car
12/1/23,Expense,29,Udemy Training Subscription,Other Expenses,Education,"TSP, LLC",,Monthly,
12/1/23,Expense,29.99,Adobe CC,Other Expenses,Software,"TSP, LLC",,Monthly,
12/1/23,Expense,9.99,Apple iCloud,Other Expenses,Software,"TSP, LLC",,Monthly,
12/1/23,Expense,13.36,Microsoft 365,Other Expenses,Software,"TSP, LLC",,Monthly,
12/1/23,Expense,17,Heroku,Other Expenses,Web Hosting,"TSP, LLC",,Monthly,
12/1/23,Expense,176.84,The Hartford,Insurance,Business Insurance,"TSP, LLC",,,
12/1/23,Expense,74.4,Cell Phone,Utilities,Cellular Service,"TSP, LLC",,,
12/1/23,Expense,109.99,FirstNet,Utilities,Cellular Service,"TSP, LLC",,,
12/1/23,Expense,99.38,iPad,Other Expenses,Office Equipment,"TSP, LLC",,,
12/1/23,Expense,128,Leaseville,Other Expenses,Office Equipment,"TSP, LLC",,,
12/1/23,Expense,82.08,Samsung Monitor - Affirm,Other Expenses,Office Equipment,"TSP, LLC",,,
12/10/23,Income,1531.71,Vegas II Invoice,Gross Receipts,Drone Services,Airborne Images,Vegas II,230025,
12/14/23,Expense,13.38,Office 365,Other Expenses,Software,"TSP, LLC",,Monthly,
12/14/23,Expense,17,Website - Heroku,Other Expenses,Web Hosting,"TSP, LLC",,Monthly,
12/16/23,Expense,13.36,Paddle.net,Other Expenses,Software,"TSP, LLC",,Monthly,
12/20/23,Income,1598.06,Pomona II Invoice,Gross Receipts,Drone Services,Airborne Images,Pomona II,230026,
12/20/23,Expense,98.06,Pomona II Gas,Travel & Meals: Travel,Fuel,Airborne Images,Pomona II,230026,
12/20/23,Expense,9.99,Apple iCloud,Other Expenses,Software,"TSP, LLC",,Monthly,
12/24/23,Expense,82.18,Samsung Monitor - Affirm,Other Expenses,Office Equipment,"TSP, LLC",,,
12/26/23,Expense,128,Leaseville,Other Expenses,Office Equipment,"TSP, LLC",,,
12/29/23,Expense,49,Coursera,Other Expenses,Education,"TSP, LLC",,Monthly,
12/30/23,Expense,156,Aviation Insurance,Insurance,Aviation Insurancve,"TSP, LLC",,,
12/30/23,Expense,144.86,The Hartford Insurance,Insurance,Business Insurance,"TSP, LLC",,,
1/9/24,Expense,128,Leaseville,Other Expenses,Office Equipment,"TSP, LLC",,,
1/12/24,Expense,42.79,LinkedIn,Other Expenses,Education,"TSP, LLC",,Monthly,
1/12/24,Expense,9.99,Apple iCloud,Other Expenses,Software,"TSP, LLC",,Monthly,
1/12/24,Expense,13.38,Office 365,Other Expenses,Software,"TSP, LLC",,Monthly,
1/14/24,Expense,17,Website - Heroku,Other Expenses,Web Hosting,"TSP, LLC",,Monthly,
1/22/24,Expense,13.36,Paddle.Net,Other Expenses,Software,"TSP, LLC",,Monthly,
1/24/24,Expense,82.18,Samsung Monitor - Affirm,Other Expenses,Office Equipment,"TSP, LLC",,,
1/30/24,Expense,49,Coursera,Other Expenses,Education,"TSP, LLC",,Monthly,
1/30/24,Expense,144.86,The Hartford Insurance,Insurance,Business Insurance,"TSP, LLC",,,
2/5/24,Expense,5,Gumroad Software,Other Expenses,Software,"TSP, LLC",,Monthly,
2/5/24,Expense,5,FAA Drone Registration,Other Expenses,Registrations,Airborne Images,,,
2/9/24,Expense,128,Leaseville,Other Expenses,Office Equipment,"TSP, LLC",,,
2/12/24,Expense,42.79,LinkedIn,Other Expenses,Education,"TSP, LLC",,Monthly,
2/12/24,Expense,9.99,Apple iCloud,Other Expenses,Software,"TSP, LLC",,Monthly,
2/12/24,Expense,13.38,Office 365,Other Expenses,Software,"TSP, LLC",,Monthly,
2/14/24,Expense,17,Website - Heroku,Other Expenses,Web Hosting,"TSP, LLC",,Monthly,
2/15/24,Expense,74.4,Cell Phone,Utilities,Cellular Service,"TSP, LLC",,,
2/15/24,Expense,99.38,iPad,Other Expenses,Office Equipment,"TSP, LLC",,,
2/22/24,Expense,13.36,Paddle.Net,Other Expenses,Software,"TSP, LLC",,Monthly,
2/24/24,Expense,82.18,Samsung Monitor - Affirm,Other Expenses,Office Equipment,"TSP, LLC",,,
2/28/24,Expense,49,Coursera,Other Expenses,Education,"TSP, LLC",,Monthly,
2/28/24,Expense,144.86,The Hartford Insurance,Insurance,Business Insurance,"TSP, LLC",,,
3/7/24,Income,400,DRE Portraits,Gross Receipts,Photography Services,Tom Stout Photography,,,
3/14/24,Expense,85.79,Gainesville Gas,Travel & Meals: Travel,Fuel,Airborne Images,Gainesville,240015,Rental Car
3/21/24,Expense,30,Pomona I,Travel and Meals: Deductible Meals,Meals,Airborne Images,Pomona I,240016,
3/21/24,Expense,29,Udemy Training Subscription,Other Expenses,Education,"TSP, LLC",,Monthly,
3/21/24,Expense,29.99,Adobe CC,Other Expenses,Software,"TSP, LLC",,Monthly,
3/21/24,Expense,9.99,Apple iCloud,Other Expenses,Software,"TSP, LLC",,Monthly,
3/21/24,Expense,13.36,Microsoft 365,Other Expenses,Software,"TSP, LLC",,Monthly,
3/21/24,Expense,17,Heroku,Other Expenses,Web Hosting,"TSP, LLC",,Monthly,
3/21/24,Expense,161.36,The Hartford,Insurance,Business Insurance,"TSP, LLC",,,
3/21/24,Expense,74.4,Cell Phone,Utilities,Cellular Service,"TSP, LLC",,,
3/21/24,Expense,109.99,FirstNet,Utilities,Cellular Service,"TSP, LLC",,,
3/21/24,Expense,128,Leaseville,Other Expenses,Office Equipment,"TSP, LLC",,,
3/21/24,Expense,82.08,Samsung Monitor - Affirm,Other Expenses,Office Equipment,"TSP, LLC",,,
3/22/24,Expense,49.78,Pomona I,Travel & Meals: Travel,Fuel,Airborne Images,Pomona I,240016,Rental Car
3/22/24,Expense,10.72,Pomona I,Travel and Meals: Deductible Meals,Meals,Airborne Images,Pomona I,240016,
3/23/24,Expense,13.2,Pomona I,Travel and Meals: Deductible Meals,Meals,Airborne Images,Pomona I,240016,
3/27/24,Expense,180.11,Google Ads,Advertising,Advertising,Tom Stout Photography,,,
4/8/24,Expense,27.99,Phoenix,Travel & Meals: Travel,Fuel,Airborne Images,Phoenix,240018,Rental Car
4/8/24,Expense,28.59,Phoenix,Travel and Meals: Deductible Meals,Meals,Airborne Images,Phoenix,240018,
4/10/24,Income,1335.79,Gainsville invoice,Gross Receipts,Drone Services,Airborne Images,Gainesville,240015,
4/10/24,Expense,29,Udemy Training Subscription,Other Expenses,Education,"TSP, LLC",,Monthly,
4/10/24,Expense,29.99,Adobe CC,Other Expenses,Software,"TSP, LLC",,Monthly,
4/10/24,Expense,9.99,Apple iCloud,Other Expenses,Software,"TSP, LLC",,Monthly,
4/10/24,Expense,13.36,Microsoft 365,Other Expenses,Software,"TSP, LLC",,Monthly,
4/10/24,Expense,17,Heroku,Other Expenses,Web Hosting,"TSP, LLC",,Monthly,
4/10/24,Expense,143.61,The Hartford,Insurance,Business Insurance,"TSP, LLC",,,
4/10/24,Expense,74.4,Cell Phone,Utilities,Cellular Service,"TSP, LLC",,,
4/10/24,Expense,109.99,FirstNet,Utilities,Cellular Service,"TSP, LLC",,,
4/10/24,Expense,99.38,iPad,Other Expenses,Office Equipment,"TSP, LLC",,,
4/10/24,Expense,128,Leaseville,Other Expenses,Office Equipment,"TSP, LLC",,,
4/10/24,Expense,82.08,Samsung Monitor - Affirm,Other Expenses,Office Equipment,"TSP, LLC",,,
4/14/24,Expense,61.87,Vegas I,Travel & Meals: Travel,Fuel,Airborne Images,Vegas I,240019,Rental Car
4/15/24,Expense,74.04,Vegas I - Flights,Travel & Meals: Travel,Airfare,Airborne Images,Vegas I,240019,
4/16/24,Expense,44.48,Vegas I - Meals,Travel and Meals: Deductible Meals,Meals,Airborne Images,Vegas I,240019,
4/16/24,Expense,25.3,Vegas I - Meals,Travel and Meals: Deductible Meals,Meals,Airborne Images,Vegas I,240019,
4/16/24,Expense,1389.93,Mavic 3 Classic Drone Kit - Roberts,Other Expenses,Drone Equipment,Airborne Images,,,
4/16/24,Expense,74.85,Camera Neck Strap - Roberts,Other Expenses,Photography Equipment,Tom Stout Photography,,,
4/17/24,Expense,17.68,Phoenix - Meals,Travel and Meals: Deductible Meals,Meals,Airborne Images,Phoenix,240018,
4/18/24,Expense,61.87,Vegas I Gas,Travel & Meals: Travel,Fuel,Airborne Images,Vegas I,240019,Rental Car
4/18/24,Expense,14.8,Drinkwater Wedding,Gross Receipts,Photography Services,Tom Stout Photography,,,
4/18/24,Income,500,Wedding Deposit - Drinkwater,Gross Receipts,Photography Services,Tom Stout Photography,,,
4/23/24,Income,1299.78,Pomona I,Gross Receipts,Drone Services,Airborne Images,Pomona I,240016,
4/26/24,Expense,56.1,Charlotte I Gas,Travel & Meals: Travel,Fuel,Airborne Images,Charlotte I,240025,Personal Vehicle
4/29/24,Expense,18.94,Charlotte I Gas,Travel & Meals: Travel,Fuel,Airborne Images,Charlotte I,240025,Personal Vehicle
4/29/24,Expense,11.42,Charlotte I Gas,Travel & Meals: Travel,Fuel,Airborne Images,Charlotte I,240025,Personal Vehicle
4/30/24,Expense,251.03,Charlotte I Car,Travel & Meals: Travel,Car Rental,Airborne Images,Charlotte I,240025,Rental Car
5/1/24,Expense,42.86,Norwalk - Gas,Travel & Meals: Travel,Fuel,Airborne Images,Norwalk,240047,Personal Vehicle
5/4/24,Expense,54,PS & LR Editing software,Other Expenses,Software,"TSP, LLC",,Monthly,
5/6/24,Expense,248.6,Sonoma Air,Travel & Meals: Travel,Flights,Airborne Images,Sonoma,240049,Rental Car
5/6/24,Expense,13.99,Sonoma Air,Travel & Meals: Travel,Airfare,Airborne Images,Sonoma,240049,
5/6/24,Expense,17.99,Sonoma Air,Travel & Meals: Travel,Airfare,Airborne Images,Sonoma,240049,
5/6/24,Expense,54,Serge Remelle Software Training,Other Expenses,Education,"TSP, LLC",,Monthly,
5/6/24,Expense,68,Minnesota gas,Travel & Meals: Travel,Fuel,Airborne Images,,,Rental Car
5/8/24,Expense,29.99,Phoenix Gas,Travel & Meals: Travel,Fuel,Airborne Images,Phoenix,240018,Rental Car
5/8/24,Expense,251.03,Chicago Car,Travel & Meals: Travel,Car Rental,Airborne Images,Chicago,240033,Personal Vehicle
5/8/24,Expense,315,Mavic 3 Repair,Repairs & Maintenance,Drone Repairs,Airborne Images,,,
5/9/24,Income,1277.99,Phoenix,Gross Receipts,Drone Services,Airborne Images,Phoenix,240018,
5/9/24,Expense,6.08,Senior Portraits - Langemeier,Other Expenses,Bank Fees,"TSP, LLC",,,
5/9/24,Expense,143.61,The Hartford,Insurance,Business Insurance,"TSP, LLC",,,
5/9/24,Income,175,Senior Portraits - Langemeier,Gross Receipts,Photography Services,Tom Stout Photography,,,
5/10/24,Expense,397,Drone Launch Academy,Other Expenses,Education,"TSP, LLC",,Monthly,
5/13/24,Expense,29,Udemy Training Subscription,Other Expenses,Education,"TSP, LLC",,Monthly,
5/13/24,Expense,29.99,Adobe CC,Other Expenses,Software,"TSP, LLC",,Monthly,
5/13/24,Expense,9.99,Apple iCloud,Other Expenses,Software,"TSP, LLC",,Monthly,
5/13/24,Expense,13.36,Microsoft 365,Other Expenses,Software,"TSP, LLC",,Monthly,
5/13/24,Expense,17,Heroku,Other Expenses,Web Hosting,"TSP, LLC",,Monthly,
5/13/24,Expense,74.4,Cell Phone,Utilities,Cellular Service,"TSP, LLC",,,
5/13/24,Expense,109.99,FirstNet,Utilities,Cellular Service,"TSP, LLC",,,
5/13/24,Expense,99.38,iPad,Other Expenses,Office Equipment,"TSP, LLC",,,
5/13/24,Expense,128,Leaseville,Other Expenses,Office Equipment,"TSP, LLC",,,
5/13/24,Expense,82.08,Samsung Monitor - Affirm,Other Expenses,Office Equipment,"TSP, LLC",,,
5/14/24,Income,1311.87,Vegas I,Gross Receipts,Drone Services,Airborne Images,Vegas I,240019,
5/16/24,Expense,40.05,Chicago Gas,Travel & Meals: Travel,Fuel,Airborne Images,Chicago,240033,Personal Vehicle
5/16/24,Expense,29.4,Chicago Gas,Travel & Meals: Travel,Fuel,Airborne Images,Chicago,240033,Personal Vehicle
5/16/24,Expense,239,DJI Care Refresh for Mavic 3 Pro,Repairs & Maintenance,Drone Equipment,Airborne Images,,,
5/16/24,Expense,230.54,DJI RC Pro Controller,Other Expenses,Drone Equipment,Airborne Images,,,
5/16/24,Expense,5,Drone Registration,Other Expenses,Registrations,Airborne Images,,,
5/20/24,Expense,50.08,Chicago Gas,Travel & Meals: Travel,Fuel,Airborne Images,Chicago,240033,Personal Vehicle
5/20/24,Expense,575.36,Chicago Gas,Travel & Meals: Travel,Fuel,Airborne Images,Chicago,240033,Personal Vehicle
5/30/24,Expense,230.54,DJI RC Pro Controller,Other Expenses,Drone Equipment,Airborne Images,,,
6/1/24,Expense,29,Udemy Training Subscription,Other Expenses,Education,"TSP, LLC",,Monthly,
6/1/24,Expense,29.99,Adobe CC,Other Expenses,Software,"TSP, LLC",,Monthly,
6/1/24,Expense,9.99,Apple iCloud,Other Expenses,Software,"TSP, LLC",,Monthly,
6/1/24,Expense,13.36,Microsoft 365,Other Expenses,Software,"TSP, LLC",,Monthly,
6/1/24,Expense,17,Heroku,Other Expenses,Web Hosting,"TSP, LLC",,Monthly,
6/1/24,Expense,143.61,The Hartford,Insurance,Business Insurance,"TSP, LLC",,,
6/1/24,Expense,74.4,Cell Phone,Utilities,Cellular Service,"TSP, LLC",,,
6/1/24,Expense,109.99,FirstNet,Utilities,Cellular Service,"TSP, LLC",,,
6/1/24,Expense,99.38,iPad,Other Expenses,Office Equipment,"TSP, LLC",,,
6/1/24,Expense,128,Leaseville,Other Expenses,Office Equipment,"TSP, LLC",,,
6/1/24,Expense,82.08,Samsung Monitor - Affirm,Other Expenses,Office Equipment,"TSP, LLC",,,
6/3/24,Expense,199,Canon 16mm Lens,Other Expenses,Photography Equipment,Tom Stout Photography,,,
6/5/24,Income,2750,Chicago,Gross Receipts,Drone Services,Airborne Images,Chicago,240033,
6/5/24,Expense,123.56,Harbor Freight - Drone Case,Other Expenses,Drone Equipment,Airborne Images,,,
6/10/24,Expense,694.46,Bristol Hotel,Travel & Meals: Travel,Hotels,Airborne Images,Bristol,240039,
6/11/24,Expense,58.15,Veteran Droners Gas,Travel & Meals: Travel,Fuel,Airborne Images,,240302,Personal Vehicle
6/12/24,Expense,251.03,NHRA Bristol,Travel & Meals: Travel,Car Rental,Airborne Images,Bristol,240039,Rental Car
6/12/24,Expense,135.99,NHRA Sonoma,Travel & Meals: Travel,Airfare,Airborne Images,Sonoma,240049,
6/13/24,Expense,230.54,DJI RC Pro Controller,Other Expenses,Drone Equipment,Airborne Images,,,
6/18/24,Income,2750,Charlotte I,Gross Receipts,Drone Services,Airborne Images,Charlotte I,240025,
6/20/24,Expense,108.66,Richmond,Travel & Meals: Travel,Hotels,Airborne Images,Richmond,240042,
6/20/24,Income,325,Veteran Droners - Crown Hill,Gross Receipts,Drone Services,Airborne Images,,240302,
6/21/24,Expense,51.75,Travel: Gas,Travel & Meals: Travel,Fuel,Airborne Images,Richmond,240042,Personal Vehicle
6/22/24,Expense,46.95,Virginia - Fuel,Travel & Meals: Travel,Fuel,Airborne Images,Richmond,240042,Rental Car
6/24/24,Expense,507,NHRA Virginia,Travel & Meals: Travel,Hotels,Airborne Images,Richmond,240042,
6/24/24,Expense,230.54,DJI RC Pro Controller,Other Expenses,Drone Equipment,Airborne Images,,,
6/25/24,Expense,54.25,Virginia - Fuel,Travel & Meals: Travel,Fuel,Airborne Images,Richmond,240042,Rental Car
6/25/24,Expense,46.95,Travel: Gas,Travel & Meals: Travel,Fuel,Airborne Images,Norwalk,240047,Personal Vehicle
6/25/24,Expense,214.19,Avata II Controller,Other Expenses,Drone Equipment,Airborne Images,,,
6/26/24,Expense,251.03,NHRA Virginia,Travel & Meals: Travel,Car Rental,Airborne Images,Richmond,240042,Rental Car
6/26/24,Expense,44.19,Travel: Gas,Travel & Meals: Travel,Fuel,Airborne Images,Norwalk,240047,Personal Vehicle
6/26/24,Expense,38.85,Travel: Gas,Travel & Meals: Travel,Fuel,Airborne Images,Norwalk,240047,Personal Vehicle
6/27/24,Expense,36.94,Richmond Gas,Travel & Meals: Travel,Fuel,Airborne Images,Richmond,240042,Personal Vehicle
6/27/24,Expense,248.18,Brainerd,Travel & Meals: Travel,Airfare,Airborne Images,Brainerd,240051,
6/30/24,Expense,410.22,NHRA Norwalk,Travel & Meals: Travel,Hotels,Airborne Images,Norwalk,240047,
7/1/24,Expense,200.82,NHRA Norwalk,Travel & Meals: Travel,Car Rental,Airborne Images,Norwalk,240047,Rental Car
7/1/24,Expense,8.88,NHRA Norwalk,Travel and Meals: Deductible Meals,Meals,Airborne Images,Norwalk,240047,
7/1/24,Expense,40.75,Sonoma,Travel & Meals: Travel,Fuel,Airborne Images,Sonoma,240049,Rental Car
7/1/24,Expense,29,Udemy Training Subscription,Other Expenses,Education,"TSP, LLC",,Monthly,
7/1/24,Expense,29.99,Adobe CC,Other Expenses,Software,"TSP, LLC",,Monthly,
7/1/24,Expense,9.99,Apple iCloud,Other Expenses,Software,"TSP, LLC",,Monthly,
7/1/24,Expense,13.36,Microsoft 365,Other Expenses,Software,"TSP, LLC",,Monthly,
7/1/24,Expense,17,Heroku,Other Expenses,Web Hosting,"TSP, LLC",,Monthly,
7/1/24,Expense,146.31,The Hartford,Insurance,Business Insurance,"TSP, LLC",,,
7/1/24,Expense,109.99,FirstNet,Utilities,Cellular Service,"TSP, LLC",,,
7/1/24,Expense,99.38,iPad,Other Expenses,Office Equipment,"TSP, LLC",,,
7/1/24,Expense,82.08,Samsung Monitor - Affirm,Other Expenses,Office Equipment,"TSP, LLC",,,
7/5/24,Income,3000,Bristol Invoice,Gross Receipts,Drone Services,Airborne Images,Bristol,240039,
7/15/24,Expense,82.99,NHRA Sonoma,Travel & Meals: Travel,Fuel,Airborne Images,Sonoma,240049,Rental Car
7/18/24,Expense,-82.99,NHRA Sonoma - Airfare credit for Seattle,Travel & Meals: Travel,Airfare,Airborne Images,Sonoma,240049,
7/19/24,Expense,35.16,GoDaddy Domain Renewal,Other Expenses,Web Hosting,"TSP, LLC",,Monthly,
7/19/24,Expense,22.17,GoDaddy Domain Renewal,Other Expenses,Web Hosting,"TSP, LLC",,Monthly,
7/24/24,Income,3000,NHRA Virginia,Gross Receipts,Drone Services,Airborne Images,Richmond,240042,
7/26/24,Expense,7.76,NHRA Sonoma,Travel and Meals: Deductible Meals,Meals,Airborne Images,Sonoma,240049,
7/29/24,Expense,142.46,Avata 2 Case,Other Expenses,Drone Equipment,Airborne Images,,,
7/30/24,Expense,366.84,NHRA Sonoma,Travel & Meals: Travel,Car Rental,Airborne Images,Sonoma,240049,Rental Car
7/31/24,Expense,1112.6,NHRA Sonoma ,Travel & Meals: Travel,Hotels,Airborne Images,Sonoma,240049,
8/1/24,Expense,15.2,NHRA Sonoma - Tolls,Travel & Meals: Travel,Other Travel,Airborne Images,Sonoma,240049,
8/5/24,Income,3000,Norwalk Invoice,Gross Receipts,Drone Services,Airborne Images,Norwalk,240047,
8/19/24,Expense,319.49,Brainerd Car Rental,Travel & Meals: Travel,Car Rental,Airborne Images,Brainerd,240051,Rental Car
8/19/24,Expense,63.1,Brainerd Gas,Travel & Meals: Travel,Fuel,Airborne Images,Brainerd,240051,Rental Car
8/21/24,Expense,1161,Brainerd Hotel,Travel & Meals: Travel,Hotels,Airborne Images,Brainerd,240051,Rental Car
8/30/24,Income,3000,Sonoma Invoice,Gross Receipts,Drone Services,Airborne Images,Sonoma,240049,
9/9/24,Expense,160.36,Indy Car,Travel & Meals: Travel,Car Rental,Airborne Images,Indy,240052,Personal Vehicle
9/9/24,Expense,38.89,Indy Gas,Travel & Meals: Travel,Fuel,Airborne Images,Indy,240052,Rental Car
9/15/24,Expense,58.72,Reading Gas,Travel & Meals: Travel,Fuel,Airborne Images,Reading,240053,Rental Car
9/15/24,Expense,616.98,Reading Hotel,Travel & Meals: Travel,Hotels,Airborne Images,Reading,240053,
9/16/24,Expense,37.56,Reading Gas,Travel & Meals: Travel,Fuel,Airborne Images,Reading,240053,Rental Car
9/19/24,Expense,29.75,Reading,Travel and Meals: Deductible Meals,Meals,Airborne Images,Reading,240053,
9/20/24,Income,3000,Brainerd Invoice,Gross Receipts,Drone Services,Airborne Images,Brainerd,240051,
9/24/24,Expense,356.74,Reading Car,Travel & Meals: Travel,Car Rental,Airborne Images,Reading,240053,Rental Car
9/25/24,Expense,81.05,DJI Controller Repair - HDMI Port,Repairs & Maintenance,Drone Repairs,Airborne Images,,,
9/26/24,Expense,445.05,St Louis,Travel & Meals: Travel,Hotels,Airborne Images,St Louis,240054,
9/26/24,Expense,19.36,St Louis,Travel and Meals: Deductible Meals,Meals,Airborne Images,St Louis,240054,
9/26/24,Expense,166.92,Luggage,Other Expenses,Office Equipment,"TSP, LLC",,,
9/29/24,Expense,33.31,St Louis Gas,Travel & Meals: Travel,Fuel,Airborne Images,St Louis,240054,Personal Vehicle
9/29/24,Expense,48.18,St Louis Gas,Travel & Meals: Travel,Fuel,Airborne Images,St Louis,240054,Personal Vehicle
9/30/24,Expense,258.59,St Louis Car,Travel & Meals: Travel,Car Rental,Airborne Images,St Louis,240054,Rental Car
9/30/24,Expense,267.49,OWC Enclosure 2,Other Expenses,Office Equipment,"TSP, LLC",,,
10/7/24,Income,3000,Indy invoice,Gross Receipts,Drone Services,Airborne Images,Indy,240052,
10/8/24,Expense,581.38,Pomona II Air,Travel & Meals: Travel,Airfare,Airborne Images,Pomona II,240058,
10/10/24,Expense,172.44,Pomona II Airfare,Travel & Meals: Travel,Airfare,Airborne Images,Pomona II,240058,
10/14/24,Expense,463.66,Dallas Car Rental,Travel & Meals: Travel,Car Rental,Airborne Images,Dallas,240056,Rental Car
10/14/24,Expense,650.58,Dallas Hotel,Travel & Meals: Travel,Hotels,Airborne Images,Dallas,240056,
10/16/24,Income,3000,Reading Invoice,Gross Receipts,Drone Services,Airborne Images,Reading,240053,
10/22/24,Expense,23.97,Dallas Tolls,Travel & Meals: Travel,Other Travel,Airborne Images,Dallas,240056,
10/31/24,Expense,411.88,Vegas II Car,Travel & Meals: Travel,Car Rental,Airborne Images,Vegas II,240057,Rental Car
11/1/24,Expense,18,Vegas II Parking,Travel & Meals: Travel,Other Travel,Airborne Images,Vegas II,240057,
11/3/24,Expense,277.36,Vegas II Hotel,Travel & Meals: Travel,Hotels,Airborne Images,Vegas II,240057,
11/4/24,Income,3000,St Louis,Gross Receipts,Drone Services,Airborne Images,St Louis,240054,
11/14/24,Income,3000,Dallas Invoice,Gross Receipts,Drone Services,Airborne Images,Dallas,240056,
11/18/24,Expense,844.25,Pomona II Hotel,Travel & Meals: Travel,Hotels,Airborne Images,Pomona II,240058,
11/18/24,Expense,311.91,Pomona II Car Rental,Travel & Meals: Travel,Car Rental,Airborne Images,Pomona II,240058,Rental Car
11/19/24,Expense,33.23,Pomona II Gas,Travel & Meals: Travel,Fuel,Airborne Images,Pomona II,240058,Rental Car
11/19/24,Expense,80,Pomona II Checked Bags,Travel & Meals: Travel,Airfare,Airborne Images,Pomona II,240058,
11/20/24,Expense,234.95,InkOwl Pro 2000 Ink,Supplies,Photography Supplies,"TSP, LLC",,,
11/22/24,Expense,29.99,Udemy Training Subscription,Other Expenses,Education,"TSP, LLC",,Monthly,
11/22/24,Expense,29.99,Adobe CC,Other Expenses,Software,"TSP, LLC",,Monthly,
11/22/24,Expense,9.99,Apple iCloud ,Other Expenses,Software,"TSP, LLC",,Monthly,
11/22/24,Expense,13.36,Microsoft 365 Subscription,Other Expenses,Software,"TSP, LLC",,Monthly,
11/22/24,Expense,21.39,Paddle.com Subscription,Other Expenses,Software,"TSP, LLC",,Monthly,
11/22/24,Expense,15,Chase: Account Fee,Other Expenses,Bank Fees,"TSP, LLC",,,
11/22/24,Expense,9,Chase: PaymentTech,Other Expenses,Bank Fees,"TSP, LLC",,,
11/22/24,Expense,144.29,Business Insurance,Insurance,Business Insurance,"TSP, LLC",,,
11/22/24,Expense,128,Computer Speakers/Lights,Other Expenses,Computer Equipment,"TSP, LLC",,,
11/22/24,Expense,74.4,FirstNet Cell Phone Purchase,Other Expenses,Office Equipment,"TSP, LLC",,,
11/22/24,Expense,17,FirstNet Cellular Service,Other Expenses,Office Equipment,"TSP, LLC",,,
11/22/24,Expense,109,FirstNet Cellular Service,Other Expenses,Office Equipment,"TSP, LLC",,,
11/22/24,Expense,99.38,FirstNet iPad Purchase,Other Expenses,Office Equipment,"TSP, LLC",,,
11/22/24,Expense,82.18,Samsung Monitor - Affirm,Other Expenses,Office Equipment,"TSP, LLC",,,
11/22/24,Expense,284.2,Affirm - Canon R5 Purchase,Other Expenses,Photography Equipment,Tom Stout Photography,,,
11/22/24,Expense,284.2,Affirm - Canon R5 Purchase,Other Expenses,Photography Equipment,Tom Stout Photography,,,
11/22/24,Expense,284.2,Affirm - Canon R5 Purchase,Other Expenses,Photography Equipment,Tom Stout Photography,,,
11/22/24,Expense,284.2,Affirm - Canon R5 Purchase,Other Expenses,Photography Equipment,Tom Stout Photography,,,
11/25/24,Expense,117.49,24x100 Photo Paper Breathing Color,Supplies,Photography Supplies,Tom Stout Photography,,,
11/26/24,Income,3000,Vegas II Invoice,Gross Receipts,Drone Services,Airborne Images,Vegas II,240057,
11/26/24,Expense,763.47,Samsung Monitor - Affirm,Other Expenses,Office Equipment,"TSP, LLC",,,
11/26/24,Expense,1323.76,Canon EOS R5,Other Expenses,Photography Equipment,Tom Stout Photography,,,
11/27/24,Expense,71.88,Siteground Hosting Annual,Other Expenses,Web Hosting,"TSP, LLC",,Monthly,
12/2/24,Expense,9,Chase: PaymentTech,Other Expenses,Bank Fees,"TSP, LLC",,,
12/6/24,Expense,9.99,Apple iCloud ,Other Expenses,Software,"TSP, LLC",,Monthly,
12/6/24,Expense,13.36,Microsoft 365 Subscription,Other Expenses,Software,"TSP, LLC",,Monthly,
12/10/24,Expense,144.29,Business Insurance,Insurance,Business Insurance,"TSP, LLC",,,
12/10/24,Expense,17,FirstNet Cellular Service,Other Expenses,Office Equipment,"TSP, LLC",,,
12/18/24,Expense,29.99,Adobe CC,Other Expenses,Software,"TSP, LLC",,Monthly,
12/20/24,Expense,21.39,Paddle.com Subscription,Other Expenses,Software,"TSP, LLC",,Monthly,
12/23/24,Expense,25.16,Google Suite,Other Expenses,Software,"TSP, LLC",,Monthly,
12/30/24,Expense,120,Smugmug Annual Subscription,Other Expenses,Web Hosting,"TSP, LLC",,Monthly,
12/30/24,Expense,15,Chase: Account Fee,Other Expenses,Bank Fees,"TSP, LLC",,,
12/31/24,Income,3000,Pomona II Invoice,Gross Receipts,Drone Services,Airborne Images,Pomona II,240058,
1/1/25,Expense,143.61,The Hartford Insurance,Insurance,Business Insurance,"TSP, LLC",,,
1/2/25,Expense,2.55,Google Suite,Other Expenses,Software,"TSP, LLC",,Monthly,
1/2/25,Expense,9,PaymentTech,Other Expenses,Bank Fees,"TSP, LLC",,,
1/6/25,Expense,9.99,Apple iCloud,Other Expenses,Software,"TSP, LLC",,Monthly,
1/7/25,Expense,13.38,Microsoft 365,Other Expenses,Software,"TSP, LLC",,Monthly,
1/8/25,Expense,6,AWS - Database,Other Expenses,Software,"TSP, LLC",,Monthly,
1/8/25,Expense,9,Heroku,Other Expenses,Web Hosting,"TSP, LLC",,Monthly,
1/10/25,Expense,148.22,Alaska Air flight to Pomona I,Travel & Meals: Travel,Airfare,Airborne Images,Pomona II,250103,
1/10/25,Expense,27.77,"Flight insurance, Pomona I",Travel & Meals: Travel,Airfare,Airborne Images,Pomona II,250103,
1/10/25,Expense,159.91,"Return flight, Pomona I",Travel & Meals: Travel,Airfare,Airborne Images,Pomona II,250103,
1/18/25,Expense,60.45,Verizon Cellular,Utilities,Cellular Service,"TSP, LLC",,,
1/18/25,Expense,44.24,Verizon iPad,Other Expenses,Office Equipment,"TSP, LLC",,,
1/20/25,Expense,16.04,Paddle.com,Other Expenses,Software,"TSP, LLC",,Monthly,
1/21/25,Expense,32.09,Adobe CC,Other Expenses,Software,"TSP, LLC",,Monthly,
1/24/25,Expense,588.36,Gainseville Flight,Travel & Meals: Travel,Airfare,Airborne Images,Gainesville,250101,
1/25/25,Expense,29.99,Adobe CC,Other Expenses,Software,"TSP, LLC",,Monthly,
1/25/25,Expense,9.99,Apple iCloud ,Other Expenses,Software,"TSP, LLC",,Monthly,
1/25/25,Expense,13.36,Microsoft 365 Subscription,Other Expenses,Software,"TSP, LLC",,Monthly,
1/25/25,Expense,21.39,Paddle.com Subscription,Other Expenses,Software,"TSP, LLC",,Monthly,
1/25/25,Expense,15,Chase: Account Fee,Other Expenses,Bank Fees,"TSP, LLC",,,
1/25/25,Expense,9,Chase: PaymentTech,Other Expenses,Bank Fees,"TSP, LLC",,,
1/25/25,Expense,143.61,Business Insurance,Insurance,Business Insurance,"TSP, LLC",,,
1/25/25,Expense,17,FirstNet Cellular Service,Other Expenses,Office Equipment,"TSP, LLC",,,
1/25/25,Expense,99.38,Verizon iPad,Other Expenses,Office Equipment,"TSP, LLC",,,
1/30/25,Expense,15,Chase Bank Fee,Other Expenses,Bank Fees,"TSP, LLC",,,
2/1/25,Expense,143.61,The Hartford Insurance,Insurance,Business Insurance,"TSP, LLC",,,
2/2/25,Expense,29.99,Adobe CC,Other Expenses,Software,"TSP, LLC",,Monthly,
2/2/25,Expense,9.99,Apple iCloud ,Other Expenses,Software,"TSP, LLC",,Monthly,
2/2/25,Expense,2.55,Google Suite,Other Expenses,Software,"TSP, LLC",,Monthly,
2/2/25,Expense,13.36,Microsoft 365 Subscription,Other Expenses,Software,"TSP, LLC",,Monthly,
2/2/25,Expense,21.39,Paddle.com Subscription,Other Expenses,Software,"TSP, LLC",,Monthly,
2/2/25,Expense,15,Chase: Account Fee,Other Expenses,Bank Fees,"TSP, LLC",,,
2/2/25,Expense,9,Chase: PaymentTech,Other Expenses,Bank Fees,"TSP, LLC",,,
2/2/25,Expense,9,PaymentTech,Other Expenses,Bank Fees,"TSP, LLC",,,
2/2/25,Expense,55,FirstNet Cellular Service,Other Expenses,Office Equipment,"TSP, LLC",,,
2/2/25,Expense,99.38,Verizon iPad,Other Expenses,Office Equipment,"TSP, LLC",,,
2/3/25,Expense,13.36,Microsoft 365 Subscription,Other Expenses,Software,"TSP, LLC",,Monthly,
2/4/25,Expense,113.58,Phoenix Airfare,Travel & Meals: Travel,Airfare,Airborne Images,Phoenix,250102,
2/4/25,Expense,401.97,Phoenix Flights,Travel & Meals: Travel,Airfare,Airborne Images,Phoenix,250102,
2/4/25,Expense,9.99,Apple iCloud ,Other Expenses,Software,"TSP, LLC",,Monthly,
2/5/25,Expense,29.99,Adobe CC,Other Expenses,Software,"TSP, LLC",,Monthly,
2/6/25,Expense,9.99,Apple iCloud,Other Expenses,Software,"TSP, LLC",,Monthly,
2/6/25,Expense,99.38,Verizon iPad,Other Expenses,Office Equipment,"TSP, LLC",,,
2/7/25,Expense,13.38,Microsoft 365,Other Expenses,Software,"TSP, LLC",,Monthly,
2/7/25,Expense,21.39,Paddle.com Subscription,Other Expenses,Software,"TSP, LLC",,Monthly,
2/8/25,Expense,6,AWS - Database,Other Expenses,Software,"TSP, LLC",,Monthly,
2/8/25,Expense,9,Heroku,Other Expenses,Web Hosting,"TSP, LLC",,Monthly,
2/8/25,Expense,9,Chase: PaymentTech,Other Expenses,Bank Fees,"TSP, LLC",,,
2/9/25,Expense,15,Chase: Account Fee,Other Expenses,Bank Fees,"TSP, LLC",,,
2/18/25,Expense,60.45,Verizon Cellular,Utilities,Cellular Service,"TSP, LLC",,,
2/18/25,Expense,44.24,Verizon iPad,Other Expenses,Office Equipment,"TSP, LLC",,,
2/20/25,Expense,16.04,Paddle.com,Other Expenses,Software,"TSP, LLC",,Monthly,
2/21/25,Expense,32.09,Adobe CC,Other Expenses,Software,"TSP, LLC",,Monthly,
2/28/25,Expense,15,Chase Bank Fee,Other Expenses,Bank Fees,"TSP, LLC",,,
3/1/25,Expense,143.61,The Hartford Insurance,Insurance,Business Insurance,"TSP, LLC",,,
3/2/25,Expense,2.55,Google Suite,Other Expenses,Software,"TSP, LLC",,Monthly,
3/2/25,Expense,9,PaymentTech,Other Expenses,Bank Fees,"TSP, LLC",,,
3/6/25,Expense,9.99,Apple iCloud,Other Expenses,Software,"TSP, LLC",,Monthly,
3/7/25,Expense,37.58,Gainesville meal,Travel and Meals: Deductible Meals,Meals,Airborne Images,Gainesville,250101,
3/7/25,Expense,13.38,Microsoft 365,Other Expenses,Software,"TSP, LLC",,Monthly,
3/8/25,Expense,10.63,Gainesville Meal,Travel and Meals: Deductible Meals,Meals,Airborne Images,Gainesville,250101,
3/8/25,Expense,6,AWS - Database,Other Expenses,Software,"TSP, LLC",,Monthly,
3/8/25,Expense,9,Heroku,Other Expenses,Web Hosting,"TSP, LLC",,Monthly,
3/10/25,Expense,28.78,Gainesville Gas,Travel & Meals: Travel,Fuel,Airborne Images,Gainesville,250101,Rental Car
3/10/25,Expense,34.99,Gainesville - Indy checked bag,Travel & Meals: Travel,Airfare,Airborne Images,Gainesville,250101,
3/11/25,Expense,231.1,Gainesville car rental,Travel & Meals: Travel,Car Rental,Airborne Images,Gainesville,250101,Rental Car
3/11/25,Expense,35,Indy - Gainesville checked bag,Travel & Meals: Travel,Airfare,Airborne Images,Gainesville,250101,
3/11/25,Expense,30.42,Gainesville meals,Travel and Meals: Deductible Meals,Meals,Airborne Images,Gainesville,250101,
3/18/25,Expense,60.45,Verizon Cellular,Utilities,Cellular Service,"TSP, LLC",,,
3/18/25,Expense,44.24,Verizon iPad,Other Expenses,Office Equipment,"TSP, LLC",,,
3/19/25,Expense,35,Phoenix - Indy Checked bag,Travel & Meals: Travel,Airfare,Airborne Images,Phoenix,250102,
3/19/25,Expense,29.15,Phoenix Meal,Travel and Meals: Deductible Meals,Meals,Airborne Images,Phoenix,250102,
3/20/25,Expense,16.04,Paddle.com,Other Expenses,Software,"TSP, LLC",,Monthly,
3/21/25,Expense,30.6,Phoenix meals,Travel and Meals: Deductible Meals,Meals,Airborne Images,Phoenix,250102,
3/21/25,Expense,32.09,Adobe CC,Other Expenses,Software,"TSP, LLC",,Monthly,
3/25/25,Expense,433.67,Phoenix Rental Car,Travel & Meals: Travel,Car Rental,Airborne Images,Phoenix,250102,Rental Car
3/26/25,Expense,69.92,Phoenix Gas,Travel & Meals: Travel,Fuel,Airborne Images,Phoenix,250102,Rental Car
3/27/25,Expense,35,Phoenix - Indy checked bag,Travel & Meals: Travel,Airfare,Airborne Images,Phoenix,250102,
3/30/25,Expense,15,Chase Bank Fee,Other Expenses,Bank Fees,"TSP, LLC",,,
3/31/25,Expense,14.85,Pomona I meals,Travel and Meals: Deductible Meals,Meals,Airborne Images,Pomona I,250103,
4/1/25,Expense,868,Pomona I Hotel Receipt,Travel & Meals: Travel,Hotels,Airborne Images,Pomona I,250103,
4/1/25,Expense,21.07,Pomona I meals,Travel and Meals: Deductible Meals,Meals,Airborne Images,Pomona I,250103,
4/1/25,Expense,143.61,The Hartford Insurance,Insurance,Business Insurance,"TSP, LLC",,,
4/2/25,Expense,393.54,Pomona I Car Rental,Travel & Meals: Travel,Car Rental,Airborne Images,Pomona I,250103,Rental Car
4/2/25,Expense,2.55,Google Suite,Other Expenses,Software,"TSP, LLC",,Monthly,
4/2/25,Expense,9,PaymentTech,Other Expenses,Bank Fees,"TSP, LLC",,,
4/3/25,Expense,43.2,Pomona I Gas,Travel & Meals: Travel,Fuel,Airborne Images,Pomona I,250103,Rental Car
4/6/25,Expense,9.99,Apple iCloud,Other Expenses,Software,"TSP, LLC",,Monthly,
4/7/25,Expense,13.38,Microsoft 365,Other Expenses,Software,"TSP, LLC",,Monthly,
4/8/25,Expense,6,AWS - Database,Other Expenses,Software,"TSP, LLC",,Monthly,
4/8/25,Expense,9,Heroku,Other Expenses,Web Hosting,"TSP, LLC",,Monthly,
4/11/25,Expense,379,Vegas flights,Travel & Meals: Travel,Airfare,Airborne Images,Vegas I,250104,
4/12/25,Expense,9.4,Vegas I Meals,Travel and Meals: Deductible Meals,Meals,Airborne Images,Vegas I,250104,
4/14/25,Expense,533.3,Vegas I Hotel,Travel & Meals: Travel,Hotels,Airborne Images,Vegas I,250104,
4/16/25,Expense,22.83,Vegas I Gas,Travel & Meals: Travel,Fuel,Airborne Images,Vegas I,250104,Rental Car
4/17/25,Expense,223.4,Vegas I Car Rental,Travel & Meals: Travel,Car Rental,Airborne Images,Vegas I,250104,Rental Car
4/18/25,Expense,60.45,Verizon Cellular,Utilities,Cellular Service,"TSP, LLC",,,
4/18/25,Expense,44.24,Verizon iPad,Other Expenses,Office Equipment,"TSP, LLC",,,
4/20/25,Expense,16.04,Paddle.com,Other Expenses,Software,"TSP, LLC",,Monthly,
4/21/25,Expense,32.09,Adobe CC,Other Expenses,Software,"TSP, LLC",,Monthly,
4/24/25,Income,3250,Gainesville Invoice,Gross Receipts,Drone Services,Airborne Images,Gainesville,250101,
4/24/25,Income,3250,Phoenix Invoice,Gross Receipts,Drone Services,Airborne Images,Phoenix,250102,
4/24/25,Expense,54.39,Charlotte I Gas,Travel & Meals: Travel,Fuel,Airborne Images,Charlotte I,250105,Personal Vehicle
4/24/25,Expense,19.72,Charlotte I Meals,Travel and Meals: Deductible Meals,Meals,Airborne Images,Charlotte I,250105,
4/24/25,Expense,36.18,Charlotte I Meals,Travel and Meals: Deductible Meals,Meals,Airborne Images,Charlotte I,250105,
4/25/25,Income,3250,Pomona I Invoice,Gross Receipts,Drone Services,Airborne Images,Pomona I,250103,
4/25/25,Expense,65.26,Charlotte I Gas,Travel & Meals: Travel,Fuel,Airborne Images,Charlotte I,250105,Personal Vehicle
4/27/25,Expense,397.62,Charlotte I Hotel,Travel & Meals: Travel,Hotels,Airborne Images,Charlotte I,250105,Personal Vehicle
4/28/25,Expense,750,SkyGuy - 2nd Drone Operator,Contract Labor,Contractors,Airborne Images,Charlotte I,250105,
4/28/25,Expense,105.84,"Charlotte I Hotel Beckley, WV",Travel & Meals: Travel,Hotels,Airborne Images,Charlotte I,250105,
4/28/25,Expense,19.93,Charlotte Meal,Travel and Meals: Deductible Meals,Meals,Airborne Images,Charlotte I,250105,
4/29/25,Expense,68.71,Charlotte I Gas,Travel & Meals: Travel,Fuel,Airborne Images,Charlotte I,250105,Personal Vehicle
4/30/25,Expense,15,Chase Bank Fee,Other Expenses,Bank Fees,"TSP, LLC",,,
5/1/25,Expense,143.61,The Hartford Insurance,Insurance,Business Insurance,"TSP, LLC",,,
5/2/25,Expense,2.55,Google Suite,Other Expenses,Software,"TSP, LLC",,Monthly,
5/2/25,Expense,9,PaymentTech,Other Expenses,Bank Fees,"TSP, LLC",,,
5/6/25,Expense,9.99,Apple iCloud,Other Expenses,Software,"TSP, LLC",,Monthly,
5/7/25,Expense,13.38,Microsoft 365,Other Expenses,Software,"TSP, LLC",,Monthly,
5/8/25,Expense,6,AWS - Database,Other Expenses,Software,"TSP, LLC",,Monthly,
5/8/25,Expense,9,Heroku,Other Expenses,Web Hosting,"TSP, LLC",,Monthly,
5/15/25,Expense,777.97,Epping airfare,Travel & Meals: Travel,Airfare,Airborne Images,Epping,250107,
5/16/25,Income,3250,Vegas I Invoice,Gross Receipts,Drone Services,Airborne Images,Vegas I,250104,
5/16/25,Expense,11.55,Chicago Meal,Travel and Meals: Deductible Meals,Meals,Airborne Images,Chicago,250106,
5/17/25,Expense,11.32,Chicago Meal,Travel and Meals: Deductible Meals,Meals,Airborne Images,Chicago,250106,
5/17/25,Expense,15.85,Chicago Meals,Travel and Meals: Deductible Meals,Meals,Airborne Images,Chicago,250106,
5/18/25,Expense,72.66,Chicago Gas,Travel & Meals: Travel,Fuel,Airborne Images,Chicago,250106,Personal Vehicle
5/18/25,Expense,60.45,Verizon Cellular,Utilities,Cellular Service,"TSP, LLC",,,
5/18/25,Expense,44.24,Verizon iPad,Other Expenses,Office Equipment,"TSP, LLC",,,
5/20/25,Expense,348.66,Chicago Hotel,Travel & Meals: Travel,Hotels,Airborne Images,Chicago,250106,
5/20/25,Expense,16.04,Paddle.com,Other Expenses,Software,"TSP, LLC",,Monthly,
5/21/25,Expense,32.09,Adobe CC,Other Expenses,Software,"TSP, LLC",,Monthly,
5/29/25,Expense,862.6,Epping Hotel,Travel & Meals: Travel,Hotels,Airborne Images,Epping,250107,
5/30/25,Expense,15,"Chase Bank Fee, Chase Business account",Other Expenses,Bank Fees,"TSP, LLC",,,
6/1/25,Expense,13.75,Epping Tolls - Maine (Cash),Travel & Meals: Travel,Other Travel,Airborne Images,Epping,250107,
6/2/25,Expense,28.05,Epping Gas,Travel & Meals: Travel,Fuel,Airborne Images,Epping,250107,Rental Car
6/2/25,Expense,12.14,Epping meals,Travel and Meals: Deductible Meals,Meals,Airborne Images,Epping,250107,
6/2/25,Expense,13.01,Epping Meals,Travel and Meals: Deductible Meals,Meals,Airborne Images,Epping,250107,
6/4/25,Expense,401.98,Epping Car Rental,Travel & Meals: Travel,Car Rental,Airborne Images,Epping,250107,Rental Car
6/4/25,Expense,16.38,Epping Gas,Travel & Meals: Travel,Fuel,Airborne Images,Epping,250107,Rental Car
6/4/25,Expense,79.66,Epping Meals,Travel and Meals: Deductible Meals,Meals,Airborne Images,Epping,250107,
6/4/25,Expense,27.4,Epping Meals,Travel and Meals: Deductible Meals,Meals,Airborne Images,Epping,250107,
6/4/25,Income,1200,Sold DJI Mavic 3 Classic Drone,Equipment Sale,Drone Equipment Sale,Airborne Images,,,
6/5/25,Expense,37.96,Bristol Gas,Travel & Meals: Travel,Fuel,Airborne Images,Bristol,250108,Personal Vehicle
6/6/25,Income,4000,Charlotte I Invoice,Gross Receipts,Drone Services,Airborne Images,Charlotte I,250105,
6/6/25,Expense,10.83,Bristol Meal,Travel and Meals: Deductible Meals,Meals,Airborne Images,Bristol,250108,
6/7/25,Expense,10.77,Bristol Meals,Travel and Meals: Deductible Meals,Meals,Airborne Images,Bristol,250108,
6/8/25,Expense,45.14,Bristol Gas,Travel & Meals: Travel,Fuel,Airborne Images,Bristol,250108,Personal Vehicle
6/8/25,Expense,489.99,Bristol Hotel,Travel & Meals: Travel,Hotels,Airborne Images,Bristol,250108,Personal Vehicle
6/9/25,Expense,11.16,Bristol meals,Travel and Meals: Deductible Meals,Meals,Airborne Images,Bristol,250108,
6/9/25,Expense,74.85,Canopy replacement,Other Expenses,Drone Equipment,Airborne Images,,,
6/10/25,Expense,10.05,Epping Tolls - Boston,Travel & Meals: Travel,Other Travel,Airborne Images,Epping,250107,
6/10/25,Expense,26.74,Carbon Copy Cloner Software,Other Expenses,Software,"TSP, LLC",,Monthly,
6/10/25,Income,600,Sold DJI RC Pro Controller,Equipment Sale,Drone Equipment Sale,Airborne Images,,,
6/12/25,Expense,50,Starlink,Utilities,Mobile Internet,Airborne Images,,Monthly,
6/12/25,Expense,64.18,Adobe CC,Other Expenses,Software,"TSP, LLC",,Monthly,
6/12/25,Expense,9.99,Apple iCloud,Other Expenses,Software,"TSP, LLC",,Monthly,
6/12/25,Expense,6,AWS - Database,Other Expenses,Software,"TSP, LLC",,Monthly,
6/12/25,Expense,2.55,Google Suite,Other Expenses,Software,"TSP, LLC",,Monthly,
6/12/25,Expense,13.38,Microsoft 365,Other Expenses,Software,"TSP, LLC",,Monthly,
6/12/25,Expense,16.04,Paddle.com,Other Expenses,Software,"TSP, LLC",,Monthly,
6/12/25,Expense,11.19,Heroku,Other Expenses,Web Hosting,"TSP, LLC",,Monthly,
6/12/25,Expense,15,Chase Bank Fee,Other Expenses,Bank Fees,"TSP, LLC",,,
6/12/25,Expense,9,PaymentTech,Other Expenses,Bank Fees,"TSP, LLC",,,
6/12/25,Expense,143.61,The Hartford Insurance,Insurance,Business Insurance,"TSP, LLC",,,
6/12/25,Expense,72.94,Verizon Cellular,Utilities,Cellular Service,"TSP, LLC",,,
6/12/25,Expense,74.24,Verizon iPad,Other Expenses,Office Equipment,"TSP, LLC",,,
6/16/25,Expense,1616.45,Purchased DJI Air 3s Drone,Other Expenses,Drone Equipment,Airborne Images,,,
6/18/25,Expense,102.41,Virginia Hotel 1st night,Travel & Meals: Travel,Hotels,Airborne Images,Richmond,250109,
6/19/25,Expense,55.75,Virginia Gas,Travel & Meals: Travel,Fuel,Airborne Images,Richmond,250109,Personal Vehicle
6/19/25,Expense,11.9,Virginia Meal,Travel and Meals: Deductible Meals,Meals,Airborne Images,Richmond,250109,
6/20/25,Expense,59.44,Virginia Gas,Travel & Meals: Travel,Fuel,Airborne Images,Richmond,250109,Personal Vehicle
6/20/25,Expense,96.42,Table for Drone Operations,Other Expenses,Office Equipment,"TSP, LLC",,,
6/21/25,Income,3250,Chicago Invoice,Gross Receipts,Drone Services,Airborne Images,Chicago,250106,
6/22/25,Expense,45.38,Virginia Gas,Travel & Meals: Travel,Fuel,Airborne Images,Richmond,250109,Personal Vehicle
6/23/25,Expense,61.13,Virginia Gas,Travel & Meals: Travel,Fuel,Airborne Images,Richmond,250109,Personal Vehicle
6/23/25,Expense,108.66,Virginia Hotel - Return Trip Venture Card,Travel & Meals: Travel,Hotels,Airborne Images,Richmond,250109,
6/24/25,Expense,589.53,Virginia Hotel - Venture Card,Travel & Meals: Travel,Hotels,Airborne Images,Richmond,250109,
6/24/25,Expense,10.9,Virginia meals,Travel and Meals: Deductible Meals,Meals,Airborne Images,Richmond,250109,
6/25/25,Expense,121.98,Controller Rental for Norwalk,Rent or Lease: Other Business Property,Drone Equipment Rental,Airborne Images,Norwalk,250110,
6/27/25,Expense,9,Norwalk Tolls,Travel & Meals: Travel,Other Travel,Airborne Images,Norwalk,250110,
6/27/25,Expense,5.5,Norwalk Tolls,Travel & Meals: Travel,Other Travel,Airborne Images,Norwalk,250110,
6/28/25,Expense,74.35,Norwalk Gas,Travel & Meals: Travel,Fuel,Airborne Images,Norwalk,250110,Personal Vehicle
6/28/25,Expense,48.28,Norwalk Gas,Travel & Meals: Travel,Fuel,Airborne Images,Norwalk,250110,Personal Vehicle
6/28/25,Expense,27.16,Norwalk Meals,Travel and Meals: Deductible Meals,Meals,Airborne Images,Norwalk,250110,
6/29/25,Expense,74.67,Norwalk Meals,Travel and Meals: Deductible Meals,Meals,Airborne Images,Norwalk,250110,
6/30/25,Expense,48.85,Norwalk Gas,Travel & Meals: Travel,Fuel,Airborne Images,Norwalk,250110,Personal Vehicle
6/30/25,Expense,42.47,Norwalk Gas - Chase Business Debit,Travel & Meals: Travel,Fuel,Airborne Images,Norwalk,250110,Personal Vehicle
6/30/25,Expense,750,"Skyguy LLC, 2nd Drone for Norwalk",Contract Labor,Contractors,Airborne Images,Norwalk,250110,
6/30/25,Expense,814.44,Norwalk Hotel,Travel & Meals: Travel,Hotels,Airborne Images,Norwalk,250110,
6/30/25,Expense,21.42,Norwalk Meals,Travel and Meals: Deductible Meals,Meals,Airborne Images,Norwalk,250110,
6/30/25,Expense,5.5,Norwalk Tolls,Travel & Meals: Travel,Other Travel,Airborne Images,Norwalk,250110,
7/1/25,Income,3250,Epping Invoice Paid,Gross Receipts,Drone Services,Airborne Images,Epping,250107,
7/1/25,Expense,436.53,Return flight from Sonoma race,Travel & Meals: Travel,Airfare,Airborne Images,Sonoma,250112,
7/2/25,Expense,50,Starlink,Utilities,Mobile Internet,Airborne Images,,Monthly,
7/2/25,Expense,64.18,Adobe CC,Other Expenses,Software,"TSP, LLC",,Monthly,
7/2/25,Expense,9.99,Apple iCloud,Other Expenses,Software,"TSP, LLC",,Monthly,
7/2/25,Expense,6,AWS - Database,Other Expenses,Software,"TSP, LLC",,Monthly,
7/2/25,Expense,7.2,Google Business Suite,Other Expenses,Software,"TSP, LLC",,Monthly,
7/2/25,Expense,13.38,Microsoft 365,Other Expenses,Software,"TSP, LLC",,Monthly,
7/2/25,Expense,16.04,Paddle.com,Other Expenses,Software,"TSP, LLC",,Monthly,
7/2/25,Expense,11.19,Heroku,Other Expenses,Web Hosting,"TSP, LLC",,Monthly,
7/2/25,Expense,15,Chase Bank Fee,Other Expenses,Bank Fees,"TSP, LLC",,,
7/2/25,Expense,9.95,PaymentTech,Other Expenses,Bank Fees,"TSP, LLC",,,
7/2/25,Expense,143.61,The Hartford Insurance,Insurance,Business Insurance,"TSP, LLC",,,
7/2/25,Expense,72.94,Verizon Cellular,Utilities,Cellular Service,"TSP, LLC",,,
7/2/25,Expense,74.24,Verizon iPad,Other Expenses,Office Equipment,"TSP, LLC",,,
7/3/25,Expense,5220.16,Purchase DJI Mavic 4 Pro Creator Kit,Other Expenses,Drone Equipment,Airborne Images,,,
7/4/25,Expense,2.55,Google Suite,Other Expenses,Software,"TSP, LLC",,Monthly,
7/7/25,Income,2200,Sold Mavic 3 Pro: 1581F67Q72497M04W1D4,Equipment Sale,Drone Equipment Sale,Airborne Images,,,
7/26/25,Income,4000,Norwalk Invoice Paid,Gross Receipts,Drone Services,Airborne Images,Norwalk,250110,
7/30/25,Expense,11.4,Charlotte I Tolls,Travel & Meals: Travel,Other Travel,Airborne Images,Charlotte I,250105,
8/4/25,Expense,25,Minnesota DOT Aircraft Registration,Other Expenses,Registrations,Airborne Images,,,